{
    "name": "root",
    "metadata": {
        "timer_format_version": "0.1.0",
        "start_time_seconds": "1660841089",
        "python_version": "3.7.0 (v3.7.0:1bf9cc5093, Jun 27 2018, 04:59:51) [MSC v.1914 64 bit (AMD64)]",
        "command_line_arguments": "C:\\Users\\ALUMNOS\\Documents\\Inteligencia Artificial Avanzada\\Reinforcement Learning\\venv\\Scripts\\mlagents-learn --run-id=MoveToGoal2",
        "mlagents_version": "0.28.0",
        "mlagents_envs_version": "0.28.0",
        "communication_protocol_version": "1.5.0",
        "pytorch_version": "1.7.1+cu110",
        "numpy_version": "1.21.6",
        "end_time_seconds": "1660841126"
    },
    "total": 36.899360099999996,
    "count": 1,
    "self": 0.00561329999999316,
    "children": {
        "run_training.setup": {
            "total": 0.08012479999999989,
            "count": 1,
            "self": 0.08012479999999989
        },
        "TrainerController.start_learning": {
            "total": 36.813622,
            "count": 1,
            "self": 0.048782700000032264,
            "children": {
                "TrainerController._reset_env": {
                    "total": 5.6481149,
                    "count": 1,
                    "self": 5.6481149
                },
                "TrainerController.advance": {
                    "total": 31.04887089999997,
                    "count": 2619,
                    "self": 0.04561470000000156,
                    "children": {
                        "env_step": {
                            "total": 21.050845000000045,
                            "count": 2619,
                            "self": 17.901298899999922,
                            "children": {
                                "SubprocessEnvManager._take_step": {
                                    "total": 3.121076700000013,
                                    "count": 2619,
                                    "self": 0.09275819999998358,
                                    "children": {
                                        "TorchPolicy.evaluate": {
                                            "total": 3.0283185000000294,
                                            "count": 1414,
                                            "self": 1.478221300000084,
                                            "children": {
                                                "TorchPolicy.sample_actions": {
                                                    "total": 1.5500971999999456,
                                                    "count": 1414,
                                                    "self": 1.5500971999999456
                                                }
                                            }
                                        }
                                    }
                                },
                                "workers": {
                                    "total": 0.028469400000108003,
                                    "count": 2618,
                                    "self": 0.0,
                                    "children": {
                                        "worker_root": {
                                            "total": 28.6335971,
                                            "count": 2618,
                                            "is_parallel": true,
                                            "self": 17.20464149999989,
                                            "children": {
                                                "steps_from_proto": {
                                                    "total": 0.000729100000000038,
                                                    "count": 1,
                                                    "is_parallel": true,
                                                    "self": 0.00025999999999992696,
                                                    "children": {
                                                        "_process_rank_one_or_two_observation": {
                                                            "total": 0.0004691000000001111,
                                                            "count": 2,
                                                            "is_parallel": true,
                                                            "self": 0.0004691000000001111
                                                        }
                                                    }
                                                },
                                                "UnityEnvironment.step": {
                                                    "total": 11.428226500000108,
                                                    "count": 2618,
                                                    "is_parallel": true,
                                                    "self": 0.29109270000021326,
                                                    "children": {
                                                        "UnityEnvironment._generate_step_input": {
                                                            "total": 0.4468615999999379,
                                                            "count": 2618,
                                                            "is_parallel": true,
                                                            "self": 0.4468615999999379
                                                        },
                                                        "communicator.exchange": {
                                                            "total": 10.038094699999936,
                                                            "count": 2618,
                                                            "is_parallel": true,
                                                            "self": 10.038094699999936
                                                        },
                                                        "steps_from_proto": {
                                                            "total": 0.652177500000021,
                                                            "count": 2618,
                                                            "is_parallel": true,
                                                            "self": 0.290393300000078,
                                                            "children": {
                                                                "_process_rank_one_or_two_observation": {
                                                                    "total": 0.36178419999994293,
                                                                    "count": 5236,
                                                                    "is_parallel": true,
                                                                    "self": 0.36178419999994293
                                                                }
                                                            }
                                                        }
                                                    }
                                                }
                                            }
                                        }
                                    }
                                }
                            }
                        },
                        "trainer_advance": {
                            "total": 9.95241119999992,
                            "count": 2618,
                            "self": 0.05828939999987526,
                            "children": {
                                "process_trajectory": {
                                    "total": 5.224874200000048,
                                    "count": 2618,
                                    "self": 5.224874200000048
                                },