{
    "name": "root",
    "gauges": {
        "MoveToGoal.Policy.Entropy.mean": {
            "value": 1.3916109800338745,
            "min": 1.3916109800338745,
            "max": 1.4142118692398071,
            "count": 3
        },
        "MoveToGoal.Policy.Entropy.sum": {
            "value": 69580.546875,
            "min": 69580.546875,
            "max": 71594.4765625,
            "count": 3
        },
        "MoveToGoal.Environment.EpisodeLength.mean": {
            "value": 399.0,
            "min": 39.41128372853638,
            "max": 399.0,
            "count": 3
        },
        "MoveToGoal.Environment.EpisodeLength.sum": {
            "value": 49875.0,
            "min": 46259.0,
            "max": 49875.0,
            "count": 3
        },
        "MoveToGoal.Step.mean": {
            "value": 149984.0,
            "min": 49977.0,
            "max": 149984.0,
            "count": 3
        },
        "MoveToGoal.Step.sum": {
            "value": 149984.0,
            "min": 49977.0,
            "max": 149984.0,
            "count": 3
        },
        "MoveToGoal.Policy.ExtrinsicValueEstimate.mean": {
            "value": -0.2797214388847351,
            "min": -1.383894681930542,
            "max": -0.2797214388847351,
            "count": 3
        },
        "MoveToGoal.Policy.ExtrinsicValueEstimate.sum": {
            "value": -244.75625610351562,
            "min": -1886.2484130859375,
            "max": -244.75625610351562,
            "count": 3
        },
        "MoveToGoal.Environment.CumulativeReward.mean": {
            "value": 0.0,
            "min": -1.0,
            "max": 0.0,
            "count": 3
        },
        "MoveToGoal.Environment.CumulativeReward.sum": {
            "value": 0.0,
            "min": -1221.0,
            "max": 0.0,
            "count": 3
        },
        "MoveToGoal.Policy.ExtrinsicReward.mean": {
            "value": 0.0,
            "min": -1.0,
            "max": 0.0,
            "count": 3
        },
        "MoveToGoal.Policy.ExtrinsicReward.sum": {
            "value": 0.0,
            "min": -1221.0,
            "max": 0.0,
            "count": 3
        },
        "MoveToGoal.Losses.PolicyLoss.mean": {
            "value": 0.024302513084063927,
            "min": 0.024302513084063927,
            "max": 0.025757785327732565,
            "count": 3
        },
        "MoveToGoal.Losses.PolicyLoss.sum": {
            "value": 0.12151256542031963,
            "min": 0.10303114131093026,
            "max": 0.12634875387884675,
            "count": 3
        },
        "MoveToGoal.Losses.ValueLoss.mean": {
            "value": 0.0006200555285128454,
            "min": 0.0006200555285128454,
            "max": 0.050585032701686336,
            "count": 3
        },
        "MoveToGoal.Losses.ValueLoss.sum": {
            "value": 0.003100277642564227,
            "min": 0.003100277642564227,
            "max": 0.20234013080674534,
            "count": 3
        },
        "MoveToGoal.Policy.LearningRate.mean": {
            "value": 0.00022607234464256,
            "min": 0.00022607234464256,
            "max": 0.00028459050513649994,
            "count": 3
        },
        "MoveToGoal.Policy.LearningRate.sum": {
            "value": 0.0011303617232128,
            "min": 0.0011303617232128,
            "max": 0.0012843114718961999,
            "count": 3
        },
        "MoveToGoal.Policy.Epsilon.mean": {
            "value": 0.17535744000000003,
            "min": 0.17535744000000003,
            "max": 0.19486350000000008,
            "count": 3
        },
        "MoveToGoal.Policy.Epsilon.sum": {
            "value": 0.8767872000000002,
            "min": 0.7794540000000003,
            "max": 0.9281037999999999,
            "count": 3
        },
        "MoveToGoal.Policy.Beta.mean": {
            "value": 0.0037703362560000007,
            "min": 0.0037703362560000007,
            "max": 0.00474368865,
            "count": 3
        },
        "MoveToGoal.Policy.Beta.sum": {
            "value": 0.018851681280000004,
            "min": 0.018851681280000004,
            "max": 0.02141237962,
            "count": 3
        },
        "MoveToGoal.IsTraining.mean": {
            "value": 1.0,
            "min": 1.0,
            "max": 1.0,
            "count": 3
        },
        "MoveToGoal.IsTraining.sum": {
            "value": 1.0,
            "min": 1.0,
            "max": 1.0,
            "count": 3
        }
    },
    "metadata": {
        "timer_format_version": "0.1.0",
        "start_time_seconds": "1660841820",
        "python_version": "3.7.0 (v3.7.0:1bf9cc5093, Jun 27 2018, 04:59:51) [MSC v.1914 64 bit (AMD64)]",
        "command_line_arguments": "C:\\Users\\ALUMNOS\\Documents\\Inteligencia Artificial Avanzada\\Reinforcement Learning\\venv\\Scripts\\mlagents-learn --run-id=MoveToGoal5",
        "mlagents_version": "0.28.0",
        "mlagents_envs_version": "0.28.0",
        "communication_protocol_version": "1.5.0",
        "pytorch_version": "1.7.1+cu110",
        "numpy_version": "1.21.6",
        "end_time_seconds": "1660841957"
    },
    "total": 137.074214,
    "count": 1,
    "self": 0.006459599999999455,
    "children": {
        "run_training.setup": {
            "total": 0.07974229999999993,
            "count": 1,
            "self": 0.07974229999999993
        },
        "TrainerController.start_learning": {
            "total": 136.98801210000002,
            "count": 1,
            "self": 0.14433800000009,
            "children": {
                "TrainerController._reset_env": {
                    "total": 5.5292663,
                    "count": 1,
                    "self": 5.5292663
                },
                "TrainerController.advance": {
                    "total": 131.24548189999996,
                    "count": 7722,
                    "self": 0.14075479999888785,
                    "children": {
                        "env_step": {
                            "total": 92.5771371000006,
                            "count": 7722,
                            "self": 78.45137610000099,
                            "children": {
                                "SubprocessEnvManager._take_step": {
                                    "total": 14.03763090000005,
                                    "count": 7722,
                                    "self": 0.40247350000045223,
                                    "children": {
                                        "TorchPolicy.evaluate": {
                                            "total": 13.635157399999597,
                                            "count": 6554,
                                            "self": 7.865109099999603,
                                            "children": {
                                                "TorchPolicy.sample_actions": {
                                                    "total": 5.770048299999995,
                                                    "count": 6554,
                                                    "self": 5.770048299999995
                                                }
                                            }
                                        }
                                    }
                                },
                                "workers": {
                                    "total": 0.0881300999995629,
                                    "count": 7721,
                                    "self": 0.0,
                                    "children": {
                                        "worker_root": {
                                            "total": 108.38523940000006,
                                            "count": 7721,
                                            "is_parallel": true,
                                            "self": 63.76301190000015,