{
    "name": "root",
    "gauges": {
        "MoveToGoal.Policy.Entropy.mean": {
            "value": 1.4058434963226318,
            "min": 1.4058434963226318,
            "max": 1.4161959886550903,
            "count": 2
        },
        "MoveToGoal.Policy.Entropy.sum": {
            "value": 70292.171875,
            "min": 70292.171875,
            "max": 71907.3515625,
            "count": 2
        },
        "MoveToGoal.Step.mean": {
            "value": 99967.0,
            "min": 49967.0,
            "max": 99967.0,
            "count": 2
        },
        "MoveToGoal.Step.sum": {
            "value": 99967.0,
            "min": 49967.0,
            "max": 99967.0,
            "count": 2
        },
        "MoveToGoal.Policy.ExtrinsicValueEstimate.mean": {
            "value": 0.7512506246566772,
            "min": 0.7512506246566772,
            "max": 1.0819497108459473,
            "count": 2
        },
        "MoveToGoal.Policy.ExtrinsicValueEstimate.sum": {
            "value": 751.2506103515625,
            "min": 751.2506103515625,
            "max": 1061.3927001953125,
            "count": 2
        },
        "MoveToGoal.Environment.EpisodeLength.mean": {
            "value": 199.0,
            "min": 174.82116788321167,
            "max": 199.0,
            "count": 2
        },
        "MoveToGoal.Environment.EpisodeLength.sum": {
            "value": 49750.0,
            "min": 47901.0,
            "max": 49750.0,
            "count": 2
        },
        "MoveToGoal.Environment.CumulativeReward.mean": {
            "value": 0.0,
            "min": -0.3978102189781022,
            "max": 0.0,
            "count": 2
        },
        "MoveToGoal.Environment.CumulativeReward.sum": {
            "value": 0.0,
            "min": -109.0,
            "max": 0.0,
            "count": 2
        },
        "MoveToGoal.Policy.ExtrinsicReward.mean": {
            "value": 0.0,
            "min": -0.3978102189781022,
            "max": 0.0,
            "count": 2
        },
        "MoveToGoal.Policy.ExtrinsicReward.sum": {
            "value": 0.0,
            "min": -109.0,
            "max": 0.0,
            "count": 2
        },
        "MoveToGoal.Losses.PolicyLoss.mean": {
            "value": 0.025238321019957467,
            "min": 0.02476265875156969,
            "max": 0.025238321019957467,
            "count": 2
        },
        "MoveToGoal.Losses.PolicyLoss.sum": {
            "value": 0.12619160509978733,
            "min": 0.09905063500627875,
            "max": 0.12619160509978733,
            "count": 2
        },
        "MoveToGoal.Losses.ValueLoss.mean": {
            "value": 0.0033081898209638893,
            "min": 0.0033081898209638893,
            "max": 0.08735183037351817,
            "count": 2
        },
        "MoveToGoal.Losses.ValueLoss.sum": {
            "value": 0.016540949104819447,
            "min": 0.016540949104819447,
            "max": 0.34940732149407266,
            "count": 2
        },
        "MoveToGoal.Policy.LearningRate.mean": {
            "value": 0.00025690045436652,
            "min": 0.00025690045436652,
            "max": 0.00028459590513469995,
            "count": 2
        },
        "MoveToGoal.Policy.LearningRate.sum": {
            "value": 0.0012845022718326001,
            "min": 0.0011383836205387998,
            "max": 0.0012845022718326001,
            "count": 2
        },
        "MoveToGoal.Policy.Epsilon.mean": {
            "value": 0.18563348,
            "min": 0.18563348,
            "max": 0.19486530000000002,
            "count": 2
        },
        "MoveToGoal.Policy.Epsilon.sum": {
            "value": 0.9281674,
            "min": 0.7794612000000001,
            "max": 0.9281674,
            "count": 2
        },
        "MoveToGoal.Policy.Beta.mean": {
            "value": 0.004283110652,
            "min": 0.004283110652,
            "max": 0.00474377847,
            "count": 2
        },
        "MoveToGoal.Policy.Beta.sum": {
            "value": 0.021415553259999998,
            "min": 0.01897511388,
            "max": 0.021415553259999998,
            "count": 2
        },
        "MoveToGoal.IsTraining.mean": {
            "value": 1.0,
            "min": 1.0,
            "max": 1.0,
            "count": 2
        },
        "MoveToGoal.IsTraining.sum": {
            "value": 1.0,
            "min": 1.0,
            "max": 1.0,
            "count": 2
        }
    },
    "metadata": {
        "timer_format_version": "0.1.0",
        "start_time_seconds": "1660841643",
        "python_version": "3.7.0 (v3.7.0:1bf9cc5093, Jun 27 2018, 04:59:51) [MSC v.1914 64 bit (AMD64)]",
        "command_line_arguments": "C:\\Users\\ALUMNOS\\Documents\\Inteligencia Artificial Avanzada\\Reinforcement Learning\\venv\\Scripts\\mlagents-learn --run-id=MoveToGoal4",
        "mlagents_version": "0.28.0",
        "mlagents_envs_version": "0.28.0",
        "communication_protocol_version": "1.5.0",
        "pytorch_version": "1.7.1+cu110",
        "numpy_version": "1.21.6",
        "end_time_seconds": "1660841809"
    },
    "total": 166.6738091,
    "count": 1,
    "self": 0.006115100000016582,
    "children": {
        "run_training.setup": {
            "total": 0.07679029999999987,
            "count": 1,
            "self": 0.07679029999999987
        },
        "TrainerController.start_learning": {
            "total": 166.59090369999998,
            "count": 1,
            "self": 0.11943690000020979,
            "children": {
                "TrainerController._reset_env": {
                    "total": 6.5782886000000005,
                    "count": 1,
                    "self": 6.5782886000000005
                },
                "TrainerController.advance": {
                    "total": 159.8232878999998,
                    "count": 6478,
                    "self": 0.12156699999971465,
                    "children": {
                        "env_step": {
                            "total": 125.27325600000026,
                            "count": 6478,
                            "self": 112.32331480000072,
                            "children": {
                                "SubprocessEnvManager._take_step": {
                                    "total": 12.873875099999832,
                                    "count": 6478,
                                    "self": 0.3681868000002755,
                                    "children": {
                                        "TorchPolicy.evaluate": {
                                            "total": 12.505688299999557,
                                            "count": 5964,
                                            "self": 7.397430399999591,
                                            "children": {
                                                "TorchPolicy.sample_actions": {
                                                    "total": 5.108257899999966,
                                                    "count": 5964,
                                                    "self": 5.108257899999966
                                                }
                                            }
                                        }
                                    }
                                },
                                "workers": {
                                    "total": 0.07606609999970892,
                                    "count": 6477,
                                    "self": 0.0,
                                    "children": {
                                        "worker_root": {
                                            "total": 115.21183729999984,
                                            "count": 6477,
                                            "is_parallel": true,
                                            "self": 57.38783779999981,