{
    "name": "root",
    "gauges": {
        "MoveToGoal.Policy.Entropy.mean": {
            "value": 0.9712502360343933,
            "min": 0.9712502360343933,
            "max": 1.4173604249954224,
            "count": 64
        },
        "MoveToGoal.Policy.Entropy.sum": {
            "value": 1942.50048828125,
            "min": 1930.7769775390625,
            "max": 2870.15478515625,
            "count": 64
        },
        "MoveToGoal.Step.mean": {
            "value": 127997.0,
            "min": 1997.0,
            "max": 127997.0,
            "count": 64
        },
        "MoveToGoal.Step.sum": {
            "value": 127997.0,
            "min": 1997.0,
            "max": 127997.0,
            "count": 64
        },
        "MoveToGoal.Policy.ExtrinsicValueEstimate.mean": {
            "value": 0.6807328462600708,
            "min": -0.8393573760986328,
            "max": 0.6979275345802307,
            "count": 64
        },
        "MoveToGoal.Policy.ExtrinsicValueEstimate.sum": {
            "value": 454.048828125,
            "min": -647.14453125,
            "max": 470.7165832519531,
            "count": 64
        },
        "MoveToGoal.Environment.EpisodeLength.mean": {
            "value": 8.004484304932735,
            "min": 5.294871794871795,
            "max": 84.89189189189189,
            "count": 64
        },
        "MoveToGoal.Environment.EpisodeLength.sum": {
            "value": 1785.0,
            "min": 721.0,
            "max": 3141.0,
            "count": 64
        },
        "MoveToGoal.Environment.CumulativeReward.mean": {
            "value": 1.0,
            "min": -1.0,
            "max": 1.0,
            "count": 64
        },
        "MoveToGoal.Environment.CumulativeReward.sum": {
            "value": 223.0,
            "min": -312.0,
            "max": 225.0,
            "count": 64
        },
        "MoveToGoal.Policy.ExtrinsicReward.mean": {
            "value": 1.0,
            "min": -1.0,
            "max": 1.0,
            "count": 64
        },
        "MoveToGoal.Policy.ExtrinsicReward.sum": {
            "value": 223.0,
            "min": -312.0,
            "max": 225.0,
            "count": 64
        },
        "MoveToGoal.Losses.PolicyLoss.mean": {
            "value": 0.12764739074433842,
            "min": 0.11535904176707845,
            "max": 0.14689418901911094,
            "count": 64
        },
        "MoveToGoal.Losses.PolicyLoss.sum": {
            "value": 1.0211791259547074,
            "min": 0.8115019469987601,
            "max": 1.1479445969841133,
            "count": 64
        },
        "MoveToGoal.Losses.ValueLoss.mean": {
            "value": 1.891785676259398e-05,
            "min": 1.8441893345766402e-05,
            "max": 0.14970984061066275,
            "count": 64
        },
        "MoveToGoal.Losses.ValueLoss.sum": {
            "value": 0.00015134285410075185,
            "min": 0.00014102395001221643,
            "max": 1.0479688842746393,
            "count": 64
        },
        "MoveToGoal.Policy.LearningRate.mean": {
            "value": 0.000223838200387275,
            "min": 0.000223838200387275,
            "max": 0.00029936374306922857,
            "count": 64
        },
        "MoveToGoal.Policy.LearningRate.sum": {
            "value": 0.0017907056030982,
            "min": 0.0015751315749561999,
            "max": 0.0023758452080516,
            "count": 64
        },
        "MoveToGoal.Policy.Epsilon.mean": {
            "value": 0.174612725,
            "min": 0.174612725,
            "max": 0.19978791428571427,
            "count": 64
        },
        "MoveToGoal.Policy.Epsilon.sum": {
            "value": 1.3969018,
            "min": 1.2250438000000003,
            "max": 1.5919484000000002,
            "count": 64
        },
        "MoveToGoal.Policy.Beta.mean": {
            "value": 0.0037331749775000008,
            "min": 0.0037331749775000008,
            "max": 0.004989416922857142,
            "count": 64
        },
        "MoveToGoal.Policy.Beta.sum": {
            "value": 0.029865399820000006,
            "min": 0.02626968562,
            "max": 0.03959822516,
            "count": 64
        },
        "MoveToGoal.IsTraining.mean": {
            "value": 1.0,
            "min": 1.0,
            "max": 1.0,
            "count": 64
        },
        "MoveToGoal.IsTraining.sum": {
            "value": 1.0,
            "min": 1.0,
            "max": 1.0,
            "count": 64
        }
    },
    "metadata": {
        "timer_format_version": "0.1.0",
        "start_time_seconds": "1660842728",
        "python_version": "3.7.0 (v3.7.0:1bf9cc5093, Jun 27 2018, 04:59:51) [MSC v.1914 64 bit (AMD64)]",
        "command_line_arguments": "C:\\Users\\ALUMNOS\\Documents\\Inteligencia Artificial Avanzada\\Reinforcement Learning\\venv\\Scripts\\mlagents-learn Config\\Basic.yaml.txt --run-id=MoveToGoal12",
        "mlagents_version": "0.28.0",
        "mlagents_envs_version": "0.28.0",
        "communication_protocol_version": "1.5.0",
        "pytorch_version": "1.7.1+cu110",
        "numpy_version": "1.21.6",
        "end_time_seconds": "1660842975"
    },
    "total": 247.801037,
    "count": 1,
    "self": 0.007338300000014897,
    "children": {
        "run_training.setup": {
            "total": 0.08467510000000011,
            "count": 1,
            "self": 0.08467510000000011
        },
        "TrainerController.start_learning": {
            "total": 247.7090236,
            "count": 1,
            "self": 0.13962050000060344,
            "children": {
                "TrainerController._reset_env": {
                    "total": 5.6807948999999995,
                    "count": 1,
                    "self": 5.6807948999999995
                },
                "TrainerController.advance": {
                    "total": 241.8239675999994,
                    "count": 6296,
                    "self": 0.11629920000061134,
                    "children": {
                        "env_step": {
                            "total": 82.66727999999972,
                            "count": 6296,
                            "self": 75.03871099999986,
                            "children": {
                                "SubprocessEnvManager._take_step": {
                                    "total": 7.557046200000105,
                                    "count": 6296,
                                    "self": 0.3019912999997221,
                                    "children": {
                                        "TorchPolicy.evaluate": {
                                            "total": 7.255054900000383,
                                            "count": 5161,
                                            "self": 3.6062560000008865,
                                            "children": {
                                                "TorchPolicy.sample_actions": {
                                                    "total": 3.6487988999994965,
                                                    "count": 5161,
                                                    "self": 3.6487988999994965
                                                }
                                            }
                                        }
                                    }
                                },
                                "workers": {
                                    "total": 0.07152279999974809,
                                    "count": 6295,
                                    "self": 0.0,
                                    "children": {
                                        "worker_root": {
                                            "total": 232.11707390000095,
                                            "count": 6295,
                                            "is_parallel": true,
                                            "self": 176.62923690000147,