{
    "name": "root",
    "gauges": {
        "MoveToGoal.Policy.Entropy.mean": {
            "value": 1.3490183353424072,
            "min": 1.3490183353424072,
            "max": 1.416458010673523,
            "count": 9
        },
        "MoveToGoal.Policy.Entropy.sum": {
            "value": 2664.311279296875,
            "min": 2664.311279296875,
            "max": 2868.327392578125,
            "count": 9
        },
        "MoveToGoal.Step.mean": {
            "value": 17997.0,
            "min": 1999.0,
            "max": 17997.0,
            "count": 9
        },
        "MoveToGoal.Step.sum": {
            "value": 17997.0,
            "min": 1999.0,
            "max": 17997.0,
            "count": 9
        },
        "MoveToGoal.Policy.ExtrinsicValueEstimate.mean": {
            "value": 0.014893884770572186,
            "min": -0.17217683792114258,
            "max": 1.7068029642105103,
            "count": 9
        },
        "MoveToGoal.Policy.ExtrinsicValueEstimate.sum": {
            "value": 9.949114799499512,
            "min": -115.87501525878906,
            "max": 1169.1600341796875,
            "count": 9
        },
        "MoveToGoal.Losses.PolicyLoss.mean": {
            "value": 0.13337011994735803,
            "min": 0.12539515439199195,
            "max": 0.14084255587797434,
            "count": 9
        },
        "MoveToGoal.Losses.PolicyLoss.sum": {
            "value": 1.0669609595788643,
            "min": 0.8777660807439437,
            "max": 1.0736289798514917,
            "count": 9
        },
        "MoveToGoal.Losses.ValueLoss.mean": {
            "value": 0.00023215398145263555,
            "min": 0.00023215398145263555,
            "max": 0.7446166831462905,
            "count": 9
        },
        "MoveToGoal.Losses.ValueLoss.sum": {
            "value": 0.0018572318516210844,
            "min": 0.0018572318516210844,
            "max": 5.2123167820240335,
            "count": 9
        },
        "MoveToGoal.Policy.LearningRate.mean": {
            "value": 0.00028978177840607497,
            "min": 0.00028978177840607497,
            "max": 0.00029932431451094274,
            "count": 9
        },
        "MoveToGoal.Policy.LearningRate.sum": {
            "value": 0.0023182542272485998,
            "min": 0.0020456442181186,
            "max": 0.0023666112111295997,
            "count": 9
        },
        "MoveToGoal.Policy.Epsilon.mean": {
            "value": 0.196593925,
            "min": 0.196593925,
            "max": 0.19977477142857142,
            "count": 9
        },
        "MoveToGoal.Policy.Epsilon.sum": {
            "value": 1.5727514,
            "min": 1.3818814,
            "max": 1.5888704,
            "count": 9
        },
        "MoveToGoal.Policy.Beta.mean": {
            "value": 0.0048300368575,
            "min": 0.0048300368575,
            "max": 0.004988761094285714,
            "count": 9
        },
        "MoveToGoal.Policy.Beta.sum": {
            "value": 0.03864029486,
            "min": 0.034095881859999996,
            "max": 0.039444632959999996,
            "count": 9
        },
        "MoveToGoal.Environment.EpisodeLength.mean": {
            "value": 399.0,
            "min": 23.689655172413794,
            "max": 399.0,
            "count": 8
        },
        "MoveToGoal.Environment.EpisodeLength.sum": {
            "value": 798.0,
            "min": 36.0,
            "max": 2093.0,
            "count": 8
        },
        "MoveToGoal.Environment.CumulativeReward.mean": {
            "value": 0.0,
            "min": -1.0,
            "max": 0.0,
            "count": 8
        },
        "MoveToGoal.Environment.CumulativeReward.sum": {
            "value": 0.0,
            "min": -58.0,
            "max": 0.0,
            "count": 8
        },
        "MoveToGoal.Policy.ExtrinsicReward.mean": {
            "value": 0.0,
            "min": -1.0,
            "max": 0.0,
            "count": 8
        },
        "MoveToGoal.Policy.ExtrinsicReward.sum": {
            "value": 0.0,
            "min": -58.0,
            "max": 0.0,
            "count": 8
        },
        "MoveToGoal.IsTraining.mean": {
            "value": 1.0,
            "min": 1.0,
            "max": 1.0,
            "count": 9
        },
        "MoveToGoal.IsTraining.sum": {
            "value": 1.0,
            "min": 1.0,
            "max": 1.0,
            "count": 9
        }
    },
    "metadata": {
        "timer_format_version": "0.1.0",
        "start_time_seconds": "1660842419",
        "python_version": "3.7.0 (v3.7.0:1bf9cc5093, Jun 27 2018, 04:59:51) [MSC v.1914 64 bit (AMD64)]",
        "command_line_arguments": "C:\\Users\\ALUMNOS\\Documents\\Inteligencia Artificial Avanzada\\Reinforcement Learning\\venv\\Scripts\\mlagents-learn Config\\Basic.yaml.txt --run-id=MoveToGoal8",
        "mlagents_version": "0.28.0",
        "mlagents_envs_version": "0.28.0",
        "communication_protocol_version": "1.5.0",
        "pytorch_version": "1.7.1+cu110",
        "numpy_version": "1.21.6",
        "end_time_seconds": "1660842496"
    },
    "total": 76.1863285,
    "count": 1,
    "self": 10.006045,
    "children": {
        "run_training.setup": {
            "total": 0.08148480000000013,
            "count": 1,
            "self": 0.08148480000000013
        },
        "TrainerController.start_learning": {
            "total": 66.0987987,
            "count": 1,
            "self": 0.020168099999864353,
            "children": {
                "TrainerController._reset_env": {
                    "total": 6.5305006,
                    "count": 1,
                    "self": 6.5305006
                },
                "TrainerController.advance": {
                    "total": 59.48430330000014,
                    "count": 908,
                    "self": 0.01754780000020162,
                    "children": {
                        "env_step": {
                            "total": 23.06480269999995,
                            "count": 908,
                            "self": 21.550458099999993,
                            "children": {
                                "SubprocessEnvManager._take_step": {
                                    "total": 1.5046596999999675,
                                    "count": 908,
                                    "self": 0.04376969999996749,
                                    "children": {
                                        "TorchPolicy.evaluate": {
                                            "total": 1.46089,
                                            "count": 724,
                                            "self": 0.5190606000001017,
                                            "children": {
                                                "TorchPolicy.sample_actions": {
                                                    "total": 0.9418293999998983,
                                                    "count": 724,
                                                    "self": 0.9418293999998983
                                                }
                                            }
                                        }
                                    }
                                },
                                "workers": {
                                    "total": 0.009684899999989227,
                                    "count": 907,
                                    "self": 0.0,
                                    "children": {
                                        "worker_root": {
                                            "total": 60.48382429999996,
                                            "count": 907,
                                            "is_parallel": true,
                                            "self": 40.34993039999995,